date,pushups,elo,juggle_catches,biology_pages,longest_run_miles,vo2_max,long_form_posts,nichrome_shorts,board_games,sailing_done,books
2026-01-01,0,1100,0,0,0,49,0,0,0,false,0
2026-01-02,50,1120,0,44,0,49,0,1,1,false,0
2026-01-03,90,1110,0,45,0,49,0,1,1,false,0
2026-01-04,120,1102,0,47,0,49,0,1,2,false,0
2026-01-05,140,1109,6,49,0,49,0,1,2,false,0
2026-01-06,190,1153,6,52,0,49,0,1,2,false,1
2026-01-07,220,1118,10,55,0,49,0,1,2,false,1
2026-01-08,270,1167,10,70,0,49,0,1,2,false,1
2026-01-09,290,1173,10,88,0,49,0,2,3,false,1
2026-01-10,330,1178,10,104,0,49,0,2,3,false,1
2026-01-11,370,1187,10,118,0,49,0,2,3,false,1
2026-01-12,370,1170,10,118,0,49,0,2,3,false,1
2026-01-13,375,1149,10,139,0,49,0,2,3,false,1
2026-01-14,375,1130,10,139,0,49,0,2,3,false,1
2026-01-15,375,1144,10,139,0,49,0,2,3,false,1
2026-01-16,375,1168,10,139,0,49,0,2,3,false,1
2026-01-17,375,1144,10,139,0,49,0,2,3,false,1
2026-01-18,375,1129,10,139,0,49,0,2,3,false,1
2026-01-19,375,1136,10,139,0,49,0,2,3,false,1
2026-01-20,380,1129,10,139,0,49,0,2,3,false,2
2026-01-21,380,1143,10,139,0,49,0,2,3,false,2
2026-01-22,380,1150,10,139,0,49,0,2,3,false,2
2026-01-23,380,1150,10,139,0,49,0,2,3,false,2
2026-01-24,380,1150,10,139,0,49,0,2,3,false,2
2026-01-25,380,1150,10,139,0,49,0,2,3,false,2
2026-01-26,380,1150,10,139,0,49,0,2,3,false,3
2026-01-27,380,1150,10,139,0,49,0,2,3,false,3
2026-01-28,380,1150,10,139,0,49,0,2,3,false,3
2026-01-29,380,1150,10,139,0,49,0,2,3,false,3
2026-01-30,380,1150,10,139,0,49,0,2,3,false,4
2026-01-31,380,1150,10,139,0,49,0,2,3,false,4
2026-02-01,380,1150,10,139,0,49,0,2,3,false,4
2026-02-02,380,1150,11,139,0,49,0,2,3,false,4
2026-02-03,390,1150,11,139,0,49,0,2,3,false,4
2026-02-04,390,1150,11,139,0,49,0,2,3,false,4
2026-02-05,390,1123,11,139,0,49,0,2,3,false,4
2026-02-06,390,1107,11,139,0,49,0,2,3,false,4
2026-02-07,390,1087,11,139,0,49,0,2,3,false,4
2026-02-08,390,1068,11,139,0,49,0,2,3,false,4
2026-02-09,390,1080,11,139,0,49,0,2,3,false,4
2026-02-10,390,1080,11,139,0,49,0,2,3,false,4
2026-02-11,390,1080,11,139,0,49,0,2,3,false,5
2026-02-12,390,1080,11,139,0,49,0,2,3,false,5
2026-02-13,390,1080,11,139,0,49,0,2,3,false,5
2026-02-14,390,1080,11,139,0,49,0,2,3,false,5
2026-02-15,390,1080,11,139,0,49,0,2,3,false,5
2026-02-16,400,1080,11,139,0,49,0,2,3,false,5
2026-02-17,416,1080,11,139,2.0,49,0,2,3,false,5
2026-02-18,428,1100,11,139,2.0,49,0,2,3,false,5
2026-02-19,444,1107,11,139,3.0,49,0,2,3,false,5
2026-02-20,470,1114,11,146,3.0,49,0,2,3,false,5
2026-02-21,492,1092,11,149,4.0,51,0,2,3,false,5
2026-02-22,516,1087,11,149,4.0,51,0,2,3,false,5
2026-02-23,516,1087,11,149,4.0,51,0,2,3,false,5
2026-02-24,516,1087,11,149,4.0,51,0,2,3,false,5
2026-02-25,516,1056,11,149,4.0,51,0,2,3,false,5
2026-02-26,516,1056,11,149,4.0,51,0,2,3,false,5
2026-02-27,516,1072,11,149,4.0,51,0,2,3,false,5
2026-02-28,516,1072,15,149,4.0,51,0,3,4,false,5
2026-03-01,526,1056,15,149,4.0,51,0,3,4,false,5
2026-03-02,566,1062,15,149,4.0,51,0,3,4,false,5
2026-03-03,596,1071,20,149,4.0,51,0,3,4,false,5
2026-03-04,660,1086,24,149,4.0,51,0,3,5,false,5
2026-03-05,670,1086,24,149,4.0,51,0,3,5,false,6
2026-03-06,680,1094,24,149,4.0,51,0,3,5,false,6
2026-03-07,695,1099,24,149,4.0,51,0,3,5,false,6
2026-03-08,770,1128,24,149,4.0,51,0,3,5,false,6
2026-03-09,815,1112,29,149,4.0,51,0,3,5,false,6
2026-03-10,875,1119,29,149,4.0,51,0,3,5,false,6
2026-03-11,905,1108,29,149,4.0,51,0,3,5,false,6
2026-03-12,950,1108,29,149,4.0,51,0,3,5,false,6
2026-03-13,980,1108,29,149,4.0,51,0,3,5,false,6
2026-03-14,995,1108,29,149,4.0,51,0,3,5,false,6
2026-03-15,1015,1108,29,149,4.0,51,0,3,5,false,6
2026-03-16,1035,1108,30,149,4.0,51,0,3,5,false,6
2026-03-17,1035,1108,30,149,4.0,51,0,3,5,false,6
2026-03-18,1035,1074,30,149,4.0,51,0,3,5,false,6
2026-03-19,1075,1074,30,149,4.0,51,0,3,6,false,7
2026-03-20,1115,1074,30,149,4.0,51,0,3,6,false,7
2026-03-21,1175,1056,46,149,4.0,51,0,3,6,false,7
2026-03-22,1285,1056,46,149,4.0,51,0,3,6,false,7
2026-03-23,1385,1056,46,149,4.0,51,0,3,6,false,7
2026-03-24,1425,1056,46,149,4.0,51,0,3,6,false,7
2026-03-25,1465,1056,46,149,4.0,51,0,3,6,false,7
2026-03-26,1525,1056,46,149,4.0,51,0,3,6,false,7
2026-03-27,1545,1056,46,149,4.0,51,0,3,6,false,7
2026-03-28,1565,1056,46,149,4.0,51,0,3,6,false,7
2026-03-29,1565,1056,46,149,4.0,51,0,3,6,false,7
2026-03-30,1565,1056,46,149,4.0,51,0,3,6,false,7
2026-03-31,1565,1056,46,149,4.0,51,0,3,6,false,7
2026-04-01,1565,1056,46,149,4.0,51,0,3,6,false,7
2026-04-02,1565,1056,46,149,4.0,51,0,3,6,false,7
2026-04-03,1565,1048,46,149,4.0,51,0,3,6,false,7
2026-04-04,1620,1053,46,149,4.0,51,0,3,6,false,7
2026-04-05,1620,1053,46,149,4,51,0,3,6,false,7
2026-04-06,1620,1053,46,149,4,51,0,3,6,false,7
2026-04-07,1620,1053,46,149,4,51,0,3,6,false,7
2026-04-08,1620,1053,46,149,4,51,0,3,6,false,7
2026-04-09,1620,1053,46,149,4,51,0,3,6,false,7
2026-04-10,1620,1053,46,149,4,51,0,3,6,false,7
2026-04-11,1620,1053,46,149,4,51,0,3,6,false,7
2026-04-12,1620,1053,46,149,4,51,0,3,6,false,7
2026-04-13,1620,1053,46,149,4,51,0,3,6,false,7
2026-04-14,1620,1053,46,149,4,51,0,3,6,false,7
2026-04-15,1620,1053,46,149,4,51,0,3,6,false,7
2026-04-16,1620,1053,46,149,4,51,0,3,6,false,7
2026-04-17,1620,1053,46,149,4,51,0,3,6,false,7
2026-04-18,1620,1053,46,149,4,51,0,3,6,false,7
2026-04-19,1620,1053,46,149,4,51,0,3,6,false,7
2026-04-20,1620,1053,46,149,4,51,0,3,6,false,7
2026-04-21,1620,1053,46,149,4,51,0,3,6,false,7
2026-04-22,1620,1053,46,149,4,51,0,3,7,false,7
2026-04-23,1620,1053,46,149,4,51,0,3,7,false,7
2026-04-24,1620,1053,46,149,4,51,0,3,7,false,7
2026-04-25,1620,1053,46,149,4,51,0,3,7,false,7
2026-04-26,1630,1053,46,149,4,51,0,3,7,false,7
2026-04-27,1650,1053,46,149,4,51,0,3,7,false,7
2026-04-28,1680,1053,46,149,4,51,0,3,7,false,7
2026-04-29,1690,1053,46,149,4,51,0,3,7,false,7
2026-04-30,1710,1053,46,149,4,51,0,3,7,false,7
2026-05-01,1740,1053,46,149,4,51,0,3,7,false,8
2026-05-02,1780,1053,46,149,4,51,0,3,7,false,8
2026-05-03,1830,1053,46,149,4,51,0,3,7,false,8
2026-05-04,1850,1053,46,149,4,51,0,3,7,false,8
2026-05-05,1880,1053,46,149,4,51,0,3,7,false,8
2026-05-06,1920,1053,46,149,4,51,0,3,7,false,8
2026-05-07,1970,1053,46,149,4,51,0,3,7,false,9
2026-05-08,2030,1053,46,149,4,51,0,3,7,false,9
2026-05-09,2100,1053,46,149,4,51,0,3,7,false,9
2026-05-10,2180,1053,46,149,4,51,0,3,7,false,9
2026-05-11,2270,1053,46,149,4,51,0,3,7,false,9
2026-05-12,2370,1053,46,149,4,51,0,3,7,false,9
2026-05-13,2400,1053,46,149,4,51,0,3,7,false,9
2026-05-14,2440,1053,46,149,4,51,0,3,8,false,10
2026-05-15,2490,1053,46,149,4,51,0,3,8,false,10
2026-05-16,2550,1053,46,149,4,51,0,3,8,false,10
2026-05-17,2620,1053,46,149,4,51,0,3,8,false,10
2026-05-18,2700,1053,46,149,4,51,0,3,8,false,10
2026-05-19,2790,1053,46,149,4,51,0,3,8,false,10
2026-05-20,2890,1053,46,149,4,51,0,3,8,false,10
2026-05-21,3000,1053,46,149,4,51,0,3,8,false,10
2026-05-22,3010,1053,46,149,4,51,0,3,8,false,10
2026-05-23,3010,1053,46,149,4,52,0,3,8,false,10
2026-05-24,3010,1053,46,149,4,52,0,3,8,false,10
2026-05-25,3010,1053,46,149,4,52,0,3,8,false,10
2026-05-26,3010,1053,46,149,4,52,0,3,8,false,10
2026-05-27,3010,1053,46,149,4,52,0,3,8,false,10
2026-05-28,3010,1053,46,149,4,52,0,3,8,false,10
2026-05-29,3010,1053,46,149,4,52,0,3,8,false,10
2026-05-30,3010,1053,46,149,4,52,0,3,8,false,10
2026-05-31,3010,1053,46,149,4,52,0,3,8,false,10
2026-06-01,3010,1053,46,149,4,52,0,3,8,false,10
2026-06-02,3010,1053,46,149,4,52,0,3,8,false,10
2026-06-03,3050,1053,46,149,4,52,0,3,8,false,11
2026-06-04,3070,1053,46,149,4,52,0,3,8,false,11
2026-06-05,3110,1053,46,149,4,52,0,3,9,false,11
2026-06-06,3110,1053,46,149,4,52,0,3,9,false,11
2026-06-07,3150,1053,46,149,4,52,0,3,9,false,11
2026-06-08,3150,1053,46,149,4,52,0,3,9,false,11
2026-06-09,3150,1053,46,149,4,52,0,3,9,false,11
2026-06-10,3150,1053,46,149,4,52,0,3,9,false,11
2026-06-11,3150,1053,46,164,4,52,0,3,9,true,11
2026-06-12,3150,1053,46,164,4,52,0,3,9,true,11
2026-06-13,3175,1053,46,170,4,52,0,3,9,true,11
2026-06-14,3175,1053,46,170,4,46.5,0,3,9,true,11
2026-06-15,3175,1053,46,170,4,46,0,3,9,true,11
2026-06-16,3175,1053,46,170,4,46,0,3,9,true,11
2026-06-17,3175,1053,46,170,4,46,0,3,9,true,11
2026-06-18,3175,1053,46,170,4,46,0,3,9,true,11
2026-06-19,3175,1053,46,170,4,46,0,3,9,true,11
2026-06-20,3175,1053,46,170,4,46,0,3,9,true,11
2026-06-21,3175,1053,46,170,4,46,0,3,9,true,11
2026-06-22,3175,1053,46,170,4,46,0,3,9,true,11
2026-06-23,3175,1053,46,170,4,46,0,3,9,true,11
2026-06-24,3175,1053,46,170,4,46,0,3,9,true,11
2026-06-25,3175,1053,46,170,4,46,0,3,9,true,11
2026-06-26,3175,1053,46,170,4,46,0,3,10,true,11
2026-06-27,3175,1053,46,170,4,46,0,3,10,true,11
2026-06-28,3175,1053,46,170,4,46,0,3,10,true,11
2026-06-29,3175,1053,46,170,4,46,0,3,10,true,11
2026-06-30,3175,1053,46,170,4,46,0,3,10,true,11
2026-07-01,3175,1053,46,170,4,46,0,3,10,true,11
2026-07-02,3175,1053,46,170,4,46,0,3,10,true,11
2026-07-03,3175,1053,46,170,4,46,0,3,10,true,11
2026-07-04,3175,1053,46,170,4,46,0,3,10,true,11
2026-07-05,3175,1053,46,170,4,46,0,3,10,true,11
2026-07-06,3175,1053,46,170,6,46.7,0,3,10,true,11
2026-07-07,3175,1053,46,170,6,46.7,0,3,10,true,11
2026-07-08,3175,1053,46,170,6,46.7,0,3,10,true,11
2026-07-09,3175,1053,46,170,6,46.7,0,3,10,true,11
2026-07-10,3175,1053,46,170,6,46.7,0,3,10,true,11
2026-07-11,3175,1053,46,170,6,46.7,0,3,10,true,11
2026-07-12,3175,1053,46,170,6,46.7,0,3,10,true,11
2026-07-13,3175,1053,46,170,6,46.7,0,3,10,true,11
2026-07-14,3175,1053,46,170,6,46.7,0,3,10,true,11
2026-07-15,3175,1053,46,170,6,46.7,0,3,10,true,11
2026-07-16,3175,1053,46,170,6,46.7,0,3,10,true,11
2026-07-17,3175,1053,46,170,6,46.7,0,3,10,true,11
2026-07-18,3175,1053,46,170,6,46.7,0,3,10,true,11
2026-07-19,3175,1053,46,170,6,46.7,0,3,10,true,11
2026-07-20,3185,1053,46,170,6,46.7,0,3,10,true,11
2026-07-21,3195,1053,46,170,6,46.7,0,3,10,true,11
2026-07-22,3195,1053,46,170,6,46.7,0,3,10,true,11
2026-07-23,3195,1053,46,170,6,46.7,0,3,10,true,11
2026-07-24,3195,1053,46,170,6,46.7,0,3,10,true,11
2026-07-25,3195,1053,46,170,6,46.7,0,3,10,true,11
2026-07-26,3195,1053,46,196,6.1,47.5,0,3,10,true,11
2026-07-27,3195,1053,46,196,6.1,47.5,0,3,10,true,11
2026-07-28,3195,1053,46,196,6.1,47.5,0,3,10,true,11
2026-07-29,3195,1053,46,196,6.1,47.5,0,3,11,true,11
2026-07-30,3195,1053,46,196,6.1,47.5,0,3,11,true,11
2026-07-31,3195,1053,46,196,6.1,47.5,0,3,11,true,11
2026-08-01,3195,1053,46,196,6.1,47.5,0,3,11,true,11
2026-08-02,3195,1053,46,196,6.1,47.5,0,3,11,true,11
2026-08-03,3195,1053,46,196,6.1,47.5,0,3,11,true,11
2026-08-04,3195,1053,46,196,6.1,47.5,0,3,11,true,11
2026-08-05,3195,1053,46,196,6.1,47.5,0,3,11,true,11
2026-08-06,3195,1053,46,196,6.1,47.5,0,3,11,true,11
2026-08-07,3195,1053,46,196,6.1,47.5,0,3,11,true,11
2026-08-08,3195,1053,46,198,6.1,47.5,0,3,11,true,11
2026-08-09,3195,1053,46,221,6.1,47.5,0,3,11,true,11
2026-08-10,3195,1053,46,221,6.1,47.5,0,3,11,true,11
2026-08-11,3195,1053,46,221,6.1,47.5,0,3,11,true,11
2026-08-12,3195,1053,46,221,6.1,47.5,0,3,11,true,11
2026-08-13,3195,1053,46,221,6.1,47.5,0,3,11,true,11

